Title,Location,Date/Time,Description,Instructor,Image,Page name/url,Content writer
Addictions of Professionals,,,,,Dollarphotoclub_86351971.jpg,,
Android Devices Advanced,,,,,Dollarphotoclub_101847366.jpg,,
Aroma Therapy ,,,,,Dollarphotoclub_83920578.jpg,,
Beginning Photography ,,,,,Dollarphotoclub_78949277.jpg,,
Conspiracy Theories ,,,,,Dollarphotoclub_86643301.jpg,,
Estate Planning,,,,,Dollarphotoclub_60296922.jpg,,
Grant Writing ,,,,,Dollarphotoclub_52545101.jpg,,
Hearing Loss and Coping Strategies,,,,,Dollarphotoclub_63957413.jpg,,
Introduction to Web Design,,,,,Dollarphotoclub_77547762.jpg,,
Introduction to Geneology ,,,,,Dollarphotoclub_10420700.jpg,,
iPhone Basics,,,,,O:\Share\50th Anniversary\50 Free Classes\iPhone Basics,,
Medicare Parts A and B,,,,,Dollarphotoclub_87216627.jpg,,
Meditation,,,,,Dollarphotoclub_97680501.jpg,,
Multiple Generations in the Workplace,,,,,Dollarphotoclub_91576216.jpg,,
Poetry Writing,,,,,Dollarphotoclub_64035611.jpg,,
Pre-Business Workshop,,,,,Dollarphotoclub_64371957.jpg,,
Real Ghosts of Kankakee Valley,,,,,Dollarphotoclub_68212895.jpg,,
Reinventing Your Career,,,,,Dollarphotoclub_85575503.jpg,,
Safety Caring for your Family Member,,,,,Dollarphotoclub_78991469.jpg,,
Social Media 101 for Small Business,,,,,Dollarphotoclub_73782789.jpg,,
Social Networking,,,,,Dollarphotoclub_82041204.jpg,,
Tai Chi,,,,,O:\Share\50th Anniversary\50 Free Classes\Tai Chi,,
The Micro Brew Process,,,,,O:\Share\50th Anniversary\50 Free Classes\The Micro Brew Process,,
Traveling for Free,,,,,O:\Share\50th Anniversary\50 Free Classes\Travling for Free,,
Web Design,,,,,O:\Share\50th Anniversary\50 Free Classes\Web Design,,
Withdraw into Stillness (Quigong),,,,,Dollarphotoclub_97799798.jpg,,
